{"accuracy": [0.6052066087722778, 0.8602034449577332, 0.9150437712669373, 0.9442777037620544, 0.9568105936050415], "loss": [1.340993881225586, 0.4413262605667114, 0.2634567320346832, 0.17165696620941162, 0.13004164397716522], "val_accuracy": [0.8042340278625488, 0.9057022333145142, 0.9297746419906616, 0.9504324793815613, 0.9611882567405701], "val_loss": [0.6241176128387451, 0.29037630558013916, 0.2181052714586258, 0.1553797423839569, 0.12365943938493729]}